{
  "1": {
    "negozio": "lidl",
    "importo": "68.14",
    "data": "2023-06-03 00:00:00",
    "prodotti": [
      {
        "nome": "fagioli borlotti",
        "costo": null,
        "tipoCosto": null,
        "qta": 1
      },
      {
        "nome": "fagioli di spagna",
        "costo": null,
        "tipoCosto": null,
        "qta": 1
      },
      {
        "nome": "mozzarelle ",
        "costo": null,
        "tipoCosto": null,
        "qta": 1
      },
      {
        "nome": "tacchino",
        "costo": null,
        "tipoCosto": null,
        "qta": 1
      },
      {
        "nome": "pane in cassetta",
        "costo": null,
        "tipoCosto": null,
        "qta": 1
      },
      {
        "nome": "frollini integrali",
        "costo": null,
        "tipoCosto": null,
        "qta": 1
      },
      {
        "nome": "carote",
        "costo": null,
        "tipoCosto": null,
        "qta": 1
      },
      {
        "nome": "mele",
        "costo": null,
        "tipoCosto": null,
        "qta": 1
      },
      {
        "nome": "petto di pollo",
        "costo": null,
        "tipoCosto": null,
        "qta": 1
      },
      {
        "nome": "formaggio spalmabile",
        "costo": null,
        "tipoCosto": null,
        "qta": 1
      },
      {
        "nome": "arrosto di tacchino ",
        "costo": null,
        "tipoCosto": null,
        "qta": 1
      },
      {
        "nome": "salame",
        "costo": null,
        "tipoCosto": null,
        "qta": 1
      },
      {
        "nome": "sugo pronto",
        "costo": null,
        "tipoCosto": null,
        "qta": 1
      },
      {
        "nome": "pesto",
        "costo": null,
        "tipoCosto": null,
        "qta": 1
      },
      {
        "nome": "lattuga",
        "costo": null,
        "tipoCosto": null,
        "qta": 1
      },
      {
        "nome": "pomodori",
        "costo": null,
        "tipoCosto": null,
        "qta": 1
      },
      {
        "nome": "fontal",
        "costo": null,
        "tipoCosto": null,
        "qta": 1
      },
      {
        "nome": "caffè",
        "costo": null,
        "tipoCosto": null,
        "qta": 1
      },
      {
        "nome": "cotolette con spinaci",
        "costo": null,
        "tipoCosto": null,
        "qta": 1
      },
      {
        "nome": "ricotta",
        "costo": null,
        "tipoCosto": null,
        "qta": 1
      },
      {
        "nome": "biscotti novellini",
        "costo": null,
        "tipoCosto": null,
        "qta": 1
      }
    ],
    "ut": 0
  },
  "2": {
    "negozio": "carrefour",
    "importo": "24.31",
    "data": "2023-06-14 00:00:00",
    "prodotti": [
      {
        "nome": "pane in cassetta",
        "costo": null,
        "tipoCosto": null,
        "qta": 1
      },
      {
        "nome": "pasta",
        "costo": null,
        "tipoCosto": null,
        "qta": 1
      },
      {
        "nome": "lattuga",
        "costo": null,
        "tipoCosto": null,
        "qta": 1
      },
      {
        "nome": "tonno",
        "costo": null,
        "tipoCosto": null,
        "qta": 1
      },
      {
        "nome": "ceci",
        "costo": null,
        "tipoCosto": null,
        "qta": 1
      },
      {
        "nome": "pollo arrosto",
        "costo": null,
        "tipoCosto": null,
        "qta": 1
      },
      {
        "nome": "zucchini",
        "costo": null,
        "tipoCosto": null,
        "qta": 1
      }
    ],
    "ut": 3
  },
  "3": {
    "negozio": "carrefour",
    "importo": "22.08",
    "data": "2023-06-22 00:00:00",
    "prodotti": [
      {
        "nome": "pane in cassetta",
        "costo": null,
        "tipoCosto": null,
        "qta": 1
      },
      {
        "nome": "wustel",
        "costo": null,
        "tipoCosto": null,
        "qta": 1
      },
      {
        "nome": "pomodori",
        "costo": null,
        "tipoCosto": null,
        "qta": 1
      },
      {
        "nome": "mozzarelle ",
        "costo": null,
        "tipoCosto": null,
        "qta": 1
      },
      {
        "nome": "caffè",
        "costo": null,
        "tipoCosto": null,
        "qta": 1
      },
      {
        "nome": "yogurt misti ",
        "costo": null,
        "tipoCosto": null,
        "qta": 1
      },
      {
        "nome": "gelato",
        "costo": null,
        "tipoCosto": null,
        "qta": 1
      }
    ],
    "ut": 2
  },
  "4": {
    "negozio": "lidl",
    "importo": "12.26",
    "data": "2023-06-24 00:00:00",
    "prodotti": [
      {
        "nome": "bastoncini di surimi ",
        "costo": null,
        "tipoCosto": null,
        "qta": 1
      },
      {
        "nome": "insalata di mare",
        "costo": null,
        "tipoCosto": null,
        "qta": 1
      },
      {
        "nome": "pomodori",
        "costo": null,
        "tipoCosto": null,
        "qta": 1
      }
    ],
    "ut": 6
  },
  "5": {
    "negozio": "coop",
    "importo": "21.01",
    "data": "2023-06-27 00:00:00",
    "prodotti": [
      {
        "nome": "olio",
        "costo": null,
        "tipoCosto": null,
        "qta": 1
      },
      {
        "nome": "tonno",
        "costo": null,
        "tipoCosto": null,
        "qta": 1
      },
      {
        "nome": "ghiaccioli",
        "costo": null,
        "tipoCosto": null,
        "qta": 1
      }
    ],
    "ut": 1
  },
  "7": {
    "negozio": "supermercato",
    "importo": "4.39",
    "data": "2023-06-30 00:00:00",
    "prodotti": [
      {
        "nome": "pane in cassetta",
        "costo": "1.5",
        "tipoCosto": null,
        "qta": "1"
      },
      {
        "nome": "uova 10 medie",
        "costo": "2.87",
        "tipoCosto": null,
        "qta": "1"
      }
    ],
    "ut": 8
  },
  "8": {
    "negozio": "esselunga",
    "importo": "87.79",
    "data": "2023-07-03 00:00:00",
    "prodotti": [
      {
        "nome": "succo alla pera",
        "costo": null,
        "tipoCosto": null,
        "qta": 1
      },
      {
        "nome": "formaggio spalmabile",
        "costo": "2.8",
        "tipoCosto": null,
        "qta": 1
      },
      {
        "nome": "fagioli borlotti",
        "costo": null,
        "tipoCosto": null,
        "qta": 1
      },
      {
        "nome": "carote",
        "costo": null,
        "tipoCosto": null,
        "qta": 1
      },
      {
        "nome": "biscotti",
        "costo": null,
        "tipoCosto": null,
        "qta": 1
      },
      {
        "nome": "sugo pronto",
        "costo": null,
        "tipoCosto": null,
        "qta": 1
      },
      {
        "nome": "pesto",
        "costo": "1.08",
        "tipoCosto": null,
        "qta": 1
      },
      {
        "nome": "dentifricio",
        "costo": "1.1",
        "tipoCosto": null,
        "qta": "1"
      },
      {
        "nome": "deodorante",
        "costo": "2.99",
        "tipoCosto": null,
        "qta": 1
      },
      {
        "nome": "spazzolino",
        "costo": "1.1",
        "tipoCosto": null,
        "qta": "1"
      },
      {
        "nome": "rucola",
        "costo": "1.18",
        "tipoCosto": null,
        "qta": 1
      },
      {
        "nome": "pomodori",
        "costo": "2.88",
        "tipoCosto": null,
        "qta": "1"
      },
      {
        "nome": "banane",
        "costo": "0.99",
        "tipoCosto": null,
        "qta": 1
      },
      {
        "nome": "yogurt",
        "costo": "2.49",
        "tipoCosto": null,
        "qta": 1
      },
      {
        "nome": "mozzarelle ",
        "costo": null,
        "tipoCosto": null,
        "qta": 1
      },
      {
        "nome": "wustel",
        "costo": "2.59",
        "tipoCosto": null,
        "qta": 1
      },
      {
        "nome": "latte parzialmente scremato",
        "costo": "0.98",
        "tipoCosto": null,
        "qta": 1
      },
      {
        "nome": "pasta",
        "costo": null,
        "tipoCosto": null,
        "qta": 1
      },
      {
        "nome": "petto di pollo",
        "costo": null,
        "tipoCosto": null,
        "qta": 1
      },
      {
        "nome": "biscotti",
        "costo": "1.99",
        "tipoCosto": null,
        "qta": 1
      },
      {
        "nome": "piselli fini",
        "costo": "2.79",
        "tipoCosto": null,
        "qta": 1
      }
    ],
    "ut": 3
  },
  "9": {
    "negozio": "carrefour",
    "importo": "23.1",
    "data": "2023-07-04 00:00:00",
    "prodotti": [
      {
        "nome": "crema solare 50+",
        "costo": "12.15",
        "tipoCosto": null,
        "qta": "1"
      },
      {
        "nome": "pane in cassetta",
        "costo": "1.05",
        "tipoCosto": null,
        "qta": "5"
      },
      {
        "nome": "biscotti",
        "costo": "2.79",
        "tipoCosto": null,
        "qta": "2"
      }
    ],
    "ut": 4
  },
  "11": {
    "negozio": "leroy merlin",
    "importo": "29.99",
    "data": "2023-07-08 00:00:00",
    "prodotti": [
      {
        "nome": "ombrellone da spiaggia",
        "costo": "29.99",
        "tipoCosto": null,
        "qta": "1"
      }
    ],
    "ut": 9
  },
  "12": {
    "negozio": "leroy merlin",
    "importo": "130.01",
    "data": "2023-07-14 00:00:00",
    "prodotti": [
      {
        "nome": "fermatenda",
        "costo": "11.49",
        "tipoCosto": null,
        "qta": 1
      },
      {
        "nome": "tenda oscurante",
        "costo": "19.9",
        "tipoCosto": null,
        "qta": "2"
      },
      {
        "nome": "tenda filtrante",
        "costo": "26.99",
        "tipoCosto": null,
        "qta": 1
      },
      {
        "nome": "bastone per tenda ",
        "costo": "13.75",
        "tipoCosto": null,
        "qta": 1
      },
      {
        "nome": "tenda filtrante",
        "costo": "18.99",
        "tipoCosto": null,
        "qta": "2"
      }
    ],
    "ut": 7
  },
  "13": {
    "negozio": "ins",
    "importo": "35.29",
    "data": "2023-07-15 00:00:00",
    "prodotti": [
      {
        "nome": "mele",
        "costo": "2.79",
        "tipoCosto": null,
        "qta": 1
      },
      {
        "nome": "uova",
        "costo": "2.15",
        "tipoCosto": null,
        "qta": 1
      },
      {
        "nome": "disinfettante per sanitari",
        "costo": "1.49",
        "tipoCosto": null,
        "qta": 1
      },
      {
        "nome": "tonno",
        "costo": "1.19",
        "tipoCosto": null,
        "qta": "6"
      },
      {
        "nome": "carta igienica ",
        "costo": "2.59",
        "tipoCosto": null,
        "qta": 1
      },
      {
        "nome": "pomodori",
        "costo": "1.3",
        "tipoCosto": null,
        "qta": 1
      },
      {
        "nome": "sale grosso",
        "costo": "0.29",
        "tipoCosto": null,
        "qta": "2"
      },
      {
        "nome": "gel lavastoviglie ",
        "costo": "3.59",
        "tipoCosto": null,
        "qta": 1
      },
      {
        "nome": "pane in cassetta",
        "costo": "0.99",
        "tipoCosto": null,
        "qta": "4"
      },
      {
        "nome": "tè freddo al limone",
        "costo": "0.79",
        "tipoCosto": null,
        "qta": 1
      },
      {
        "nome": "tè freddo alla pesca",
        "costo": "0.79",
        "tipoCosto": null,
        "qta": 1
      },
      {
        "nome": "caffè",
        "costo": "2.99",
        "tipoCosto": null,
        "qta": "1"
      },
      {
        "nome": "ricotta",
        "costo": "0.75",
        "tipoCosto": null,
        "qta": 1
      },
      {
        "nome": "gel wc",
        "costo": "1.19",
        "tipoCosto": null,
        "qta": 1
      },
      {
        "nome": "sgrassatore universale",
        "costo": "1.49",
        "tipoCosto": null,
        "qta": 1
      },
      {
        "nome": "spray anticalcare bagno",
        "costo": "1.69",
        "tipoCosto": null,
        "qta": "1"
      }
    ],
    "ut": 5
  },
  "14": {
    "negozio": "lidl",
    "importo": "57.22",
    "data": "2023-07-25 00:00:00",
    "prodotti": [
      {
        "nome": "acchiappa colori ",
        "costo": "1.59",
        "tipoCosto": null,
        "qta": "2"
      },
      {
        "nome": "pomodori",
        "costo": "1.49",
        "tipoCosto": null,
        "qta": "5"
      },
      {
        "nome": "mozzarelle ",
        "costo": "5.99",
        "tipoCosto": null,
        "qta": 1
      },
      {
        "nome": "pane in cassetta",
        "costo": "0.75",
        "tipoCosto": null,
        "qta": "10"
      },
      {
        "nome": "ace",
        "costo": "1.29",
        "tipoCosto": null,
        "qta": 1
      },
      {
        "nome": "dentifricio",
        "costo": "1.19",
        "tipoCosto": null,
        "qta": "2"
      },
      {
        "nome": "yogurt",
        "costo": "2.89",
        "tipoCosto": null,
        "qta": "8"
      },
      {
        "nome": "maasdam",
        "costo": "3.29",
        "tipoCosto": null,
        "qta": 1
      },
      {
        "nome": "banane",
        "costo": "1.39",
        "tipoCosto": null,
        "qta": 1
      },
      {
        "nome": "maionese",
        "costo": "1.99",
        "tipoCosto": null,
        "qta": 1
      },
      {
        "nome": "avocado",
        "costo": "1.49",
        "tipoCosto": null,
        "qta": "3"
      },
      {
        "nome": "arrosto di tacchino ",
        "costo": "2.99",
        "tipoCosto": null,
        "qta": 1
      },
      {
        "nome": "mortadella",
        "costo": "1.89",
        "tipoCosto": null,
        "qta": 1
      },
      {
        "nome": "dentifricio al carbone",
        "costo": "1.19",
        "tipoCosto": null,
        "qta": 1
      },
      {
        "nome": "disgorgante gel",
        "costo": "1.49",
        "tipoCosto": null,
        "qta": 1
      },
      {
        "nome": "uva",
        "costo": "2.99",
        "tipoCosto": null,
        "qta": 1
      },
      {
        "nome": "albicocca",
        "costo": "3.39",
        "tipoCosto": null,
        "qta": 1
      },
      {
        "nome": "foglie di vite ripiene",
        "costo": "1.99",
        "tipoCosto": null,
        "qta": "2"
      },
      {
        "nome": "insalata gentile",
        "costo": "0.99",
        "tipoCosto": null,
        "qta": "2"
      }
    ],
    "ut": 8
  },
  "15": {
    "negozio": "esselunga",
    "importo": "31.16",
    "data": "2023-08-01 00:00:00",
    "prodotti": [
      {
        "nome": "carta da forno ",
        "costo": "3.39",
        "tipoCosto": null,
        "qta": "20"
      },
      {
        "nome": "salsa di soia",
        "costo": "4.79",
        "tipoCosto": null,
        "qta": "500"
      },
      {
        "nome": "verza",
        "costo": "2.05",
        "tipoCosto": null,
        "qta": "1152"
      },
      {
        "nome": "macinato di carne",
        "costo": "3.31",
        "tipoCosto": null,
        "qta": "518"
      },
      {
        "nome": "mirtilli",
        "costo": "1.96",
        "tipoCosto": null,
        "qta": "250"
      },
      {
        "nome": "cavolo cappuccio",
        "costo": "2.32",
        "tipoCosto": null,
        "qta": "1566"
      },
      {
        "nome": "mascarpone",
        "costo": "3.79",
        "tipoCosto": null,
        "qta": "500"
      },
      {
        "nome": "pasta filo",
        "costo": "1.9",
        "tipoCosto": null,
        "qta": "300"
      },
      {
        "nome": "uova 10 medie",
        "costo": "2.17",
        "tipoCosto": null,
        "qta": "1"
      },
      {
        "nome": "ceci",
        "costo": "1.47",
        "tipoCosto": null,
        "qta": "1200"
      },
      {
        "nome": "gelato",
        "costo": "3.99",
        "tipoCosto": null,
        "qta": "1000"
      }
    ],
    "ut": 7
  },
  "16": {
    "negozio": "lidl",
    "importo": "60.77",
    "data": "2023-08-13 00:00:00",
    "prodotti": [
      {
        "nome": "pellicola trasparente",
        "costo": "1.29",
        "tipoCosto": null,
        "qta": "50"
      },
      {
        "nome": "anguria",
        "costo": "3.85",
        "tipoCosto": null,
        "qta": "6532"
      },
      {
        "nome": "melone giallo",
        "costo": "4.1",
        "tipoCosto": null,
        "qta": "2754"
      },
      {
        "nome": "succo alla pera",
        "costo": "1.29",
        "tipoCosto": null,
        "qta": "1200"
      },
      {
        "nome": "formaggio",
        "costo": "3.29",
        "tipoCosto": null,
        "qta": "450"
      },
      {
        "nome": "fontal",
        "costo": "3.29",
        "tipoCosto": null,
        "qta": "400"
      },
      {
        "nome": "zafferano",
        "costo": "1.66",
        "tipoCosto": null,
        "qta": "0"
      },
      {
        "nome": "caffè decaffeinato",
        "costo": "2.19",
        "tipoCosto": null,
        "qta": "250"
      },
      {
        "nome": "crema al cioccolato e nocciola",
        "costo": "3.69",
        "tipoCosto": null,
        "qta": "750"
      },
      {
        "nome": "gomma da masticare",
        "costo": "1.99",
        "tipoCosto": null,
        "qta": "98"
      }
    ],
    "ut": 9
  },
  "17": {
    "negozio": "carrefour",
    "importo": "4.18",
    "data": "2023-08-13 00:00:00",
    "prodotti": [
      {
        "nome": "sciroppo alla menta",
        "costo": "2.99",
        "tipoCosto": null,
        "qta": "500"
      }
    ],
    "ut": 0
  },
  "18": {
    "negozio": "esselunga",
    "importo": "20.12",
    "data": "2023-08-14 00:00:00",
    "prodotti": [
      {
        "nome": "olio",
        "costo": "7.19",
        "tipoCosto": null,
        "qta": "1000"
      },
      {
        "nome": "verza",
        "costo": "2.48",
        "tipoCosto": null,
        "qta": "1392"
      },
      {
        "nome": "pasta filo",
        "costo": "3.8",
        "tipoCosto": null,
        "qta": "600"
      },
      {
        "nome": "sgrassatore superfici alimentari",
        "costo": "3.48",
        "tipoCosto": null,
        "qta": "750"
      },
      {
        "nome": "aceto di vino bianco ",
        "costo": "0.69",
        "tipoCosto": null,
        "qta": "1000"
      },
      {
        "nome": "avocado",
        "costo": "2.479",
        "tipoCosto": null,
        "qta": "856"
      }
    ],
    "ut": 4
  },
  "19": {
    "negozio": "ins",
    "importo": "3.98",
    "data": "2023-08-17 00:00:00",
    "prodotti": [
      {
        "nome": "sottilette cheddar",
        "costo": "2.99",
        "tipoCosto": null,
        "qta": "370"
      },
      {
        "nome": "pane per burger",
        "costo": "0.99",
        "tipoCosto": null,
        "qta": "300"
      }
    ],
    "ut": 2
  },
  "20": {
    "negozio": "lidl",
    "importo": "6.13",
    "data": "2023-08-18 00:00:00",
    "prodotti": [
      {
        "nome": "pane in cassetta",
        "costo": "1.98",
        "tipoCosto": null,
        "qta": "800"
      },
      {
        "nome": "lattuga",
        "costo": "0.99",
        "tipoCosto": null,
        "qta": 1
      },
      {
        "nome": "maionese",
        "costo": "0",
        "tipoCosto": null,
        "qta": 1
      },
      {
        "nome": "prosciutto cotto",
        "costo": "3.29",
        "tipoCosto": null,
        "qta": "400"
      }
    ],
    "ut": 9
  },
  "21": {
    "negozio": "esselunga",
    "importo": "24.69",
    "data": "2023-08-21 00:00:00",
    "prodotti": [
      {
        "nome": "pane in cassetta",
        "costo": "2.8",
        "tipoCosto": null,
        "qta": "1600"
      },
      {
        "nome": "biscotti con grano saraceno e cioccolato ",
        "costo": "2.69",
        "tipoCosto": null,
        "qta": "700"
      },
      {
        "nome": "biscotti con cioccolato ",
        "costo": "2.08",
        "tipoCosto": null,
        "qta": "700"
      },
      {
        "nome": "smoothie sostitutivi di pasti",
        "costo": "8.58",
        "tipoCosto": null,
        "qta": "420"
      }
    ],
    "ut": 2
  },
  "22": {
    "negozio": "esselunga",
    "importo": "49.57",
    "data": "2023-08-27 00:00:00",
    "prodotti": [
      {
        "nome": "sale lavastoviglie ",
        "costo": "1.08",
        "tipoCosto": null,
        "qta": "1000"
      },
      {
        "nome": "pasta",
        "costo": "1.49",
        "tipoCosto": null,
        "qta": "1000"
      },
      {
        "nome": "pane in cassetta",
        "costo": "4.14",
        "tipoCosto": null,
        "qta": "2400"
      },
      {
        "nome": "caffè decaffeinato",
        "costo": "5.43",
        "tipoCosto": null,
        "qta": "500"
      },
      {
        "nome": "fette biscottate",
        "costo": "3.18",
        "tipoCosto": null,
        "qta": "1290"
      },
      {
        "nome": "mozzarelle ",
        "costo": "5.98",
        "tipoCosto": null,
        "qta": "800"
      },
      {
        "nome": "petto di pollo",
        "costo": "8.9",
        "tipoCosto": null,
        "qta": "1110"
      },
      {
        "nome": "pesce",
        "costo": null,
        "tipoCosto": null,
        "qta": 1
      },
      {
        "nome": "yogurt",
        "costo": "2.29",
        "tipoCosto": null,
        "qta": "1000"
      },
      {
        "nome": "pasta integrale",
        "costo": "3.92",
        "tipoCosto": null,
        "qta": "2000"
      },
      {
        "nome": "gomma da masticare",
        "costo": null,
        "tipoCosto": null,
        "qta": 1
      },
      {
        "nome": "gel lavastoviglie ",
        "costo": "4.79",
        "tipoCosto": null,
        "qta": "940"
      },
      {
        "nome": "cozze",
        "costo": "3.99",
        "tipoCosto": null,
        "qta": "300"
      },
      {
        "nome": "gamberetti",
        "costo": "4.99",
        "tipoCosto": null,
        "qta": "400"
      }
    ],
    "ut": 3
  },
  "23": {
    "negozio": "esselunga",
    "importo": "68.77",
    "data": "2023-09-02 10:00:00",
    "prodotti": [
      {
        "nome": "sacchetto per congelare",
        "costo": "2.38",
        "tipoCosto": null,
        "qta": "60"
      },
      {
        "nome": "fertilizzante",
        "costo": "3.99",
        "tipoCosto": null,
        "qta": "1000"
      },
      {
        "nome": "latte parzialmente scremato",
        "costo": "11.4",
        "tipoCosto": null,
        "qta": "12000"
      },
      {
        "nome": "banane",
        "costo": "0.98",
        "tipoCosto": null,
        "qta": "998"
      },
      {
        "nome": "biscotti con cioccolato ",
        "costo": "4.16",
        "tipoCosto": null,
        "qta": "1400"
      },
      {
        "nome": "pane in cassetta",
        "costo": "3.65",
        "tipoCosto": null,
        "qta": "2000"
      },
      {
        "nome": "tonno",
        "costo": "11.9",
        "tipoCosto": null,
        "qta": "1600"
      },
      {
        "nome": "candeggina delicata ",
        "costo": "2.75",
        "tipoCosto": null,
        "qta": "2000"
      },
      {
        "nome": "margarina",
        "costo": "2.29",
        "tipoCosto": null,
        "qta": "500"
      },
      {
        "nome": "yogurt",
        "costo": "2.49",
        "tipoCosto": null,
        "qta": "1000"
      },
      {
        "nome": "avocado",
        "costo": "2.64",
        "tipoCosto": null,
        "qta": "918"
      },
      {
        "nome": "carote",
        "costo": "0.98",
        "tipoCosto": null,
        "qta": "1000"
      },
      {
        "nome": "fagiolini",
        "costo": "2.1",
        "tipoCosto": null,
        "qta": "730"
      },
      {
        "nome": "mele",
        "costo": "2",
        "tipoCosto": null,
        "qta": "2044"
      },
      {
        "nome": "prosciutto cotto",
        "costo": "3.19",
        "tipoCosto": null,
        "qta": "400"
      },
      {
        "nome": "mozzarelle ",
        "costo": "2.29",
        "tipoCosto": null,
        "qta": "400"
      },
      {
        "nome": "formaggio spalmabile",
        "costo": "2.18",
        "tipoCosto": null,
        "qta": "400"
      },
      {
        "nome": "scamorza affumicata",
        "costo": "1.99",
        "tipoCosto": null,
        "qta": "250"
      },
      {
        "nome": "stracchino",
        "costo": "3.23",
        "tipoCosto": null,
        "qta": "476"
      },
      {
        "nome": "uova 10 medie",
        "costo": "2.17",
        "tipoCosto": null,
        "qta": 1
      }
    ],
    "ut": 3
  },
  "24": {
    "negozio": "ins",
    "importo": "11.11",
    "data": "2023-09-16 12:21:00",
    "prodotti": [
      {
        "nome": "uova 10 medie",
        "costo": "1.99",
        "tipoCosto": null,
        "qta": 1
      },
      {
        "nome": "farina",
        "costo": "0.59",
        "tipoCosto": null,
        "qta": "3000"
      },
      {
        "nome": "pane in cassetta",
        "costo": "2.375",
        "tipoCosto": null,
        "qta": "1600"
      },
      {
        "nome": "piselli fini",
        "costo": "3",
        "tipoCosto": null,
        "qta": "840"
      }
    ],
    "ut": 7
  },
  "25": {
    "negozio": "ins",
    "importo": "14.82",
    "data": "2023-09-19 10:43:45",
    "prodotti": [
      {
        "nome": "candeggina",
        "costo": "0.325",
        "tipoCosto": null,
        "qta": "4000"
      },
      {
        "nome": "biscotti",
        "costo": "1.99",
        "tipoCosto": null,
        "qta": "700"
      },
      {
        "nome": "zucchero",
        "costo": "1.39",
        "tipoCosto": null,
        "qta": "2000"
      },
      {
        "nome": "cipolla",
        "costo": "1.59",
        "tipoCosto": null,
        "qta": 1
      },
      {
        "nome": "caffè decaffeinato",
        "costo": "3.98",
        "tipoCosto": null,
        "qta": "800"
      },
      {
        "nome": "insalata valeriana",
        "costo": "0.99",
        "tipoCosto": null,
        "qta": 1
      },
      {
        "nome": "biscotti con cioccolato ",
        "costo": "2.19",
        "tipoCosto": "1",
        "qta": "700"
      }
    ],
    "ut": 3
  },
  "26": {
    "negozio": "lidl",
    "importo": "30.31",
    "data": "2023-09-23 11:50:23",
    "prodotti": [
      {
        "nome": "yogurt",
        "costo": "2.33",
        "tipoCosto": "0",
        "qta": "1200"
      },
      {
        "nome": "mozzarelle ",
        "costo": "5.89",
        "tipoCosto": "0",
        "qta": "1000"
      },
      {
        "nome": "formaggio",
        "costo": "10.83",
        "tipoCosto": "0",
        "qta": "350"
      },
      {
        "nome": "cavolo cappuccio",
        "costo": "1.49",
        "tipoCosto": "0",
        "qta": "924"
      },
      {
        "nome": "cavolfiore",
        "costo": "1.69",
        "tipoCosto": "1",
        "qta": "600"
      },
      {
        "nome": "pane in cassetta",
        "costo": "2.48",
        "tipoCosto": "0",
        "qta": "800"
      },
      {
        "nome": "pane in cassetta",
        "costo": "1.99",
        "tipoCosto": "0",
        "qta": "750"
      },
      {
        "nome": "biscotti integrale ",
        "costo": "1.49",
        "tipoCosto": "1",
        "qta": "700"
      },
      {
        "nome": "banane",
        "costo": "0.99",
        "tipoCosto": "0",
        "qta": "924"
      },
      {
        "nome": "hamburger di bovino",
        "costo": "8.48",
        "tipoCosto": "0",
        "qta": "400"
      },
      {
        "nome": "formaggio",
        "costo": "7.98",
        "tipoCosto": "0",
        "qta": "450"
      },
      {
        "nome": "insalata gentile",
        "costo": "0.99",
        "tipoCosto": "1",
        "qta": 1
      }
    ],
    "ut": 7
  },
  "27": {
    "negozio": "esselunga",
    "importo": "22",
    "data": "2023-10-02 14:27:27",
    "prodotti": [
      {
        "nome": "uova 10 medie",
        "costo": "2.17",
        "tipoCosto": "1",
        "qta": 1
      },
      {
        "nome": "yogurt caffè ",
        "costo": "2.27",
        "tipoCosto": "0",
        "qta": "450"
      },
      {
        "nome": "mele",
        "costo": "0.98",
        "tipoCosto": "0",
        "qta": "2030"
      },
      {
        "nome": "olio d'oliva",
        "costo": "8.09",
        "tipoCosto": "0",
        "qta": 1
      },
      {
        "nome": "yogurt vaniglia ",
        "costo": "2.27",
        "tipoCosto": "0",
        "qta": "450"
      },
      {
        "nome": "biscotti",
        "costo": "1.64",
        "tipoCosto": "0",
        "qta": 1
      },
      {
        "nome": "pane proteico",
        "costo": "2.95",
        "tipoCosto": "0",
        "qta": "1200"
      },
      {
        "nome": "pane ai 6 cereali",
        "costo": "2.13",
        "tipoCosto": "0",
        "qta": "1200"
      }
    ],
    "ut": 4
  },
  "28": {
    "negozio": "esselunga",
    "importo": "59.85",
    "data": "2023-10-07 12:08:00",
    "prodotti": [
      {
        "nome": "salsa di soia",
        "costo": "13.98",
        "tipoCosto": "0",
        "qta": "500"
      },
      {
        "nome": "caffè decaffeinato",
        "costo": "7.9",
        "tipoCosto": "0",
        "qta": 1
      },
      {
        "nome": "latte parzialmente scremato",
        "costo": "0.98",
        "tipoCosto": "0",
        "qta": "12000"
      },
      {
        "nome": "rosmarino",
        "costo": "105",
        "tipoCosto": "0",
        "qta": "30"
      },
      {
        "nome": "biscotti",
        "costo": "1.64",
        "tipoCosto": "0",
        "qta": 1
      },
      {
        "nome": "yogurt caffè ",
        "costo": "2.27",
        "tipoCosto": "0",
        "qta": "600"
      },
      {
        "nome": "lattuga",
        "costo": "1.98",
        "tipoCosto": "0",
        "qta": 1
      },
      {
        "nome": "origano",
        "costo": "75.2",
        "tipoCosto": "0",
        "qta": "35"
      },
      {
        "nome": "smoothie sostitutivi di pasti",
        "costo": "19.68",
        "tipoCosto": "0",
        "qta": "436"
      },
      {
        "nome": "uova 10 medie",
        "costo": "2.17",
        "tipoCosto": "0",
        "qta": 1
      },
      {
        "nome": "carote",
        "costo": "0.98",
        "tipoCosto": "0",
        "qta": 1
      },
      {
        "nome": "primosale",
        "costo": "10.48",
        "tipoCosto": "0",
        "qta": "190"
      },
      {
        "nome": "philadelphia",
        "costo": "8.48",
        "tipoCosto": "0",
        "qta": "250"
      },
      {
        "nome": "stracchino",
        "costo": "6.79",
        "tipoCosto": "0",
        "qta": "480"
      },
      {
        "nome": "yogurt vaniglia ",
        "costo": "2.27",
        "tipoCosto": "0",
        "qta": "600"
      },
      {
        "nome": "pasta cavatappi",
        "costo": "1.49",
        "tipoCosto": "0",
        "qta": 1
      },
      {
        "nome": "pasta fusilli",
        "costo": "1.49",
        "tipoCosto": "0",
        "qta": 1
      },
      {
        "nome": "pasta elicoidali",
        "costo": "1.19",
        "tipoCosto": "0",
        "qta": 1
      },
      {
        "nome": "farina 00",
        "costo": "0.77",
        "tipoCosto": "0",
        "qta": "2000"
      },
      {
        "nome": "farina manitoba",
        "costo": "1.66",
        "tipoCosto": "0",
        "qta": 1
      },
      {
        "nome": "pane in cassetta",
        "costo": "2.38",
        "tipoCosto": "0",
        "qta": "800"
      }
    ],
    "ut": 9
  },
  "29": {
    "negozio": "ins",
    "importo": "12.32",
    "data": "2023-10-16 09:22:24",
    "prodotti": [
      {
        "nome": "ammorbidente",
        "costo": "1.59",
        "tipoCosto": "1",
        "qta": 1
      },
      {
        "nome": "fazzoletti",
        "costo": "1.79",
        "tipoCosto": "1",
        "qta": 1
      },
      {
        "nome": "focaccia",
        "costo": "1.99",
        "tipoCosto": "1",
        "qta": "2"
      },
      {
        "nome": "cornetto",
        "costo": "0.69",
        "tipoCosto": "1",
        "qta": "3"
      },
      {
        "nome": "gomma da masticare",
        "costo": "2.89",
        "tipoCosto": "1",
        "qta": 1
      }
    ],
    "ut": 0
  },
  "30": {
    "negozio": "penny",
    "importo": "5.29",
    "data": "2023-10-17 16:38:02",
    "prodotti": [
      {
        "nome": "biscotti",
        "costo": "1.99",
        "tipoCosto": "0",
        "qta": 1
      },
      {
        "nome": "yogurt",
        "costo": "0.35",
        "tipoCosto": "1",
        "qta": "4"
      },
      {
        "nome": "pane in cassetta",
        "costo": "0.95",
        "tipoCosto": "1",
        "qta": "2"
      }
    ],
    "ut": 4
  },
  "31": {
    "negozio": "esselunga",
    "importo": "29.49",
    "data": "2023-10-18 12:56:27",
    "prodotti": [
      {
        "nome": "pastina",
        "costo": "1.19",
        "tipoCosto": "0",
        "qta": 1
      },
      {
        "nome": "mele",
        "costo": "0.98",
        "tipoCosto": "0",
        "qta": "1992"
      },
      {
        "nome": "petto di pollo",
        "costo": "10.29",
        "tipoCosto": "0",
        "qta": "1200"
      },
      {
        "nome": "biscotti con cioccolato ",
        "costo": "2.96",
        "tipoCosto": "0",
        "qta": "700"
      },
      {
        "nome": "lievito di birra secco",
        "costo": "19.8",
        "tipoCosto": "0",
        "qta": "100"
      },
      {
        "nome": "pane in cassetta",
        "costo": "1.9",
        "tipoCosto": "0",
        "qta": "2400"
      },
      {
        "nome": "mozzarelle ",
        "costo": "6.96",
        "tipoCosto": "0",
        "qta": "375"
      },
      {
        "nome": "margarina",
        "costo": "5.56",
        "tipoCosto": "0",
        "qta": "500"
      }
    ],
    "ut": 1
  },
  "32": {
    "negozio": "esselunga",
    "importo": "44.69",
    "data": "2023-10-27 19:31:00",
    "prodotti": [
      {
        "nome": "tovaglioli",
        "costo": "2.65",
        "tipoCosto": "1",
        "qta": "350"
      },
      {
        "nome": "uova 10 medie",
        "costo": "1.99",
        "tipoCosto": "1",
        "qta": "2"
      },
      {
        "nome": "tonno",
        "costo": "9.88",
        "tipoCosto": "0",
        "qta": "1280"
      },
      {
        "nome": "lenticchie",
        "costo": "2.24",
        "tipoCosto": "0",
        "qta": "720"
      },
      {
        "nome": "biscotti",
        "costo": "1.64",
        "tipoCosto": "0",
        "qta": "3000"
      },
      {
        "nome": "formaggio spalmabile",
        "costo": "4.95",
        "tipoCosto": "0",
        "qta": "600"
      },
      {
        "nome": "formaggio",
        "costo": "7.31",
        "tipoCosto": "0",
        "qta": "540"
      },
      {
        "nome": "patatine classiche",
        "costo": "5.97",
        "tipoCosto": "0",
        "qta": "300"
      },
      {
        "nome": "patatine rustiche",
        "costo": "6.6",
        "tipoCosto": "0",
        "qta": "450"
      },
      {
        "nome": "mortadella",
        "costo": "3.99",
        "tipoCosto": "0",
        "qta": "700"
      },
      {
        "nome": "coca cola",
        "costo": "1.4",
        "tipoCosto": "0",
        "qta": "1500"
      },
      {
        "nome": "brie",
        "costo": "16.1",
        "tipoCosto": "0",
        "qta": "200"
      }
    ],
    "ut": 8
  },
  "33": {
    "negozio": "esselunga",
    "importo": "12.59",
    "data": "2023-10-30 18:16:00",
    "prodotti": [
      {
        "nome": "philadelphia",
        "costo": "6.64",
        "tipoCosto": "0",
        "qta": "300"
      },
      {
        "nome": "ricotta",
        "costo": "348",
        "tipoCosto": "0",
        "qta": "250"
      },
      {
        "nome": "spago",
        "costo": "2.19",
        "tipoCosto": "1",
        "qta": 1
      },
      {
        "nome": "mozzarelle ",
        "costo": "6.96",
        "tipoCosto": "0",
        "qta": "625"
      },
      {
        "nome": "prosciutto cotto",
        "costo": "7.98",
        "tipoCosto": "0",
        "qta": "400"
      }
    ],
    "ut": 8
  },
  "34": {
    "negozio": "lidl",
    "importo": "43.65",
    "data": "2023-10-31 13:51:00",
    "prodotti": [
      {
        "nome": "uova 10 medie",
        "costo": "1.99",
        "tipoCosto": "1",
        "qta": "3"
      },
      {
        "nome": "olive",
        "costo": "7.44",
        "tipoCosto": "0",
        "qta": "160"
      },
      {
        "nome": "radicchio",
        "costo": "2.19",
        "tipoCosto": "0",
        "qta": "400"
      },
      {
        "nome": "pancetta",
        "costo": "8.45",
        "tipoCosto": "0",
        "qta": "200"
      },
      {
        "nome": "scamorza affumicata",
        "costo": "8.63",
        "tipoCosto": "0",
        "qta": "300"
      },
      {
        "nome": "pasta sfoglia",
        "costo": "4.74",
        "tipoCosto": "0",
        "qta": "690"
      },
      {
        "nome": "coca cola",
        "costo": null,
        "tipoCosto": null,
        "qta": 1
      },
      {
        "nome": "philadelphia",
        "costo": "5.09",
        "tipoCosto": "0",
        "qta": "350"
      },
      {
        "nome": "pane",
        "costo": "1.96",
        "tipoCosto": "0",
        "qta": "1250"
      },
      {
        "nome": "patatine classiche",
        "costo": "4.63",
        "tipoCosto": "0",
        "qta": "900"
      },
      {
        "nome": "patatine paprika",
        "costo": "6.6",
        "tipoCosto": "0",
        "qta": "600"
      },
      {
        "nome": "cornetti di mais ",
        "costo": "3.75",
        "tipoCosto": "0",
        "qta": "200"
      },
      {
        "nome": "succo frutti rossi",
        "costo": "0.86",
        "tipoCosto": "0",
        "qta": "3000"
      },
      {
        "nome": "tonno",
        "costo": "13.04",
        "tipoCosto": "0",
        "qta": "208"
      }
    ],
    "ut": 5
  },
  "35": {
    "negozio": "mercatò",
    "importo": "17.57",
    "data": "2023-10-31 15:42:00",
    "prodotti": [
      {
        "nome": "ricotta",
        "costo": "6.25",
        "tipoCosto": "0",
        "qta": "800"
      },
      {
        "nome": "farro",
        "costo": "5.48",
        "tipoCosto": "0",
        "qta": "400"
      },
      {
        "nome": "caramelle",
        "costo": "1.79",
        "tipoCosto": "1",
        "qta": 1
      },
      {
        "nome": "thè pesca",
        "costo": "1.3",
        "tipoCosto": "0",
        "qta": "1500"
      },
      {
        "nome": "thè limone",
        "costo": "1.3",
        "tipoCosto": "0",
        "qta": "3000"
      }
    ],
    "ut": 2
  },
  "36": {
    "negozio": "market yang guang",
    "importo": "11",
    "data": "2023-11-05 11:46:33",
    "prodotti": [
      {
        "nome": "udon",
        "costo": "3.125",
        "tipoCosto": "0",
        "qta": "1600"
      },
      {
        "nome": "gnocchi cinesi",
        "costo": "5",
        "tipoCosto": "0",
        "qta": "1200"
      }
    ],
    "ut": 7
  },
  "37": {
    "negozio": "ins",
    "importo": "27.65",
    "data": "2023-11-06 19:29:00",
    "prodotti": [
      {
        "nome": "pane",
        "costo": "2.72",
        "tipoCosto": "0",
        "qta": "2800"
      },
      {
        "nome": "latte parzialmente scremato",
        "costo": "0.94",
        "tipoCosto": "0",
        "qta": "12000"
      },
      {
        "nome": "pomodori",
        "costo": "2.69",
        "tipoCosto": "0",
        "qta": "674"
      },
      {
        "nome": "crepes",
        "costo": "1.25",
        "tipoCosto": "1",
        "qta": 1
      },
      {
        "nome": "spinacine",
        "costo": "7.3",
        "tipoCosto": "0",
        "qta": "600"
      },
      {
        "nome": "sacchetti per spazzatura",
        "costo": "1.29",
        "tipoCosto": "1",
        "qta": 1
      }
    ],
    "ut": 8
  },
  "38": {
    "negozio": "lidl",
    "importo": "46.19",
    "data": "2023-11-15 14:54:19",
    "prodotti": [
      {
        "nome": "cous cous",
        "costo": "1.79",
        "tipoCosto": "0",
        "qta": 1
      },
      {
        "nome": "mozzarelle ",
        "costo": "5.89",
        "tipoCosto": "0",
        "qta": 1
      },
      {
        "nome": "yogurt",
        "costo": "2.69",
        "tipoCosto": "0",
        "qta": 1
      },
      {
        "nome": "pasta",
        "costo": "0.99",
        "tipoCosto": "0",
        "qta": "2000"
      },
      {
        "nome": "pane in cassetta",
        "costo": "2.37",
        "tipoCosto": "0",
        "qta": "1600"
      },
      {
        "nome": "biscotti",
        "costo": "2.25",
        "tipoCosto": "0",
        "qta": 1
      },
      {
        "nome": "prosciutto cotto",
        "costo": "3.29",
        "tipoCosto": "1",
        "qta": 1
      },
      {
        "nome": "pesto",
        "costo": "0.89",
        "tipoCosto": "1",
        "qta": "3"
      },
      {
        "nome": "scamorza affumicata",
        "costo": "2.59",
        "tipoCosto": "1",
        "qta": 1
      },
      {
        "nome": "macinato di carne",
        "costo": "7.98",
        "tipoCosto": "0",
        "qta": "500"
      },
      {
        "nome": "caffè decaffeinato",
        "costo": "8.76",
        "tipoCosto": "0",
        "qta": "750"
      },
      {
        "nome": "formaggio",
        "costo": "1.19",
        "tipoCosto": "1",
        "qta": 1
      },
      {
        "nome": "riso",
        "costo": "2.245",
        "tipoCosto": "0",
        "qta": "2000"
      },
      {
        "nome": "erbetta",
        "costo": "0.89",
        "tipoCosto": "1",
        "qta": "2"
      },
      {
        "nome": "sugo pronto",
        "costo": "1.19",
        "tipoCosto": "1",
        "qta": "2"
      }
    ],
    "ut": 2
  }
}